{"branches": 64.28571428571429, "coverage": 84.06454866364095}