{"branches": 82.35294117647058, "coverage": 90.19402202412165}