{"branches": 90.9090909090909, "coverage": 98.51403412217941}