{"branches": 82.35294117647058, "coverage": 90.08914525432617}