{"branches": 90.9090909090909, "coverage": 98.60413176996092}