{"branches": 70.83333333333334, "coverage": 89.68560397131826}