{"branches": 71.42857142857143, "coverage": 86.80996580361504}