{"branches": 86.36363636363636, "coverage": 95.32967032967034}