{"branches": 90.9090909090909, "coverage": 97.52747252747253}