{"branches": 85.29411764705883, "coverage": 93.91714735186156}