{"branches": 67.85714285714286, "coverage": 84.85588666340986}