{"branches": 65.38461538461539, "coverage": 86.37075718015666}