{"branches": 64.70588235294117, "coverage": 83.3420365535248}