{"branches": 90.9090909090909, "coverage": 97.42183214481624}