{"branches": 64.70588235294117, "coverage": 81.09660574412533}