{"branches": 64.28571428571429, "coverage": 84.04040404040404}