{"branches": 90.9090909090909, "coverage": 98.82747068676717}