{"branches": 67.64705882352942, "coverage": 83.53434714210802}