{"branches": 73.07692307692307, "coverage": 89.30591259640103}