{"branches": 67.85714285714286, "coverage": 84.71400394477317}