{"branches": 58.82352941176471, "coverage": 78.69451697127937}